<?xml version="1.0" encoding="iso-8859-1" ?>
<newsitem itemid="67460" id="root" date="1996-09-20" xml:lang="en">
<title>USA: RESEARCH ALERT - Minnesota Mining cut.</title>
<headline>RESEARCH ALERT - Minnesota Mining cut.</headline>
<text>
<p>-- Cowen &amp; Co said it cut its rating on Minnesota Mining &amp; Manufacturing Co to neutral from buy.</p>
<p>-- The analyst was not available for comment.</p>
<p>-- The stock was down 5/8 at 69-7/8.</p>
</text>
<copyright>(c) Reuters Limited 1996</copyright>
<metadata>
<codes class="bip:countries:1.0">
  <code code="USA">
    <editdetail attribution="Reuters BIP Coding Group" action="confirmed" date="1996-09-20"/>
  </code>
</codes>
<codes class="bip:industries:1.0">
  <code code="I83960">
    <editdetail attribution="Reuters BIP Coding Group" action="confirmed" date="1996-09-20"/>
  </code>
</codes>
<codes class="bip:topics:1.0">
  <code code="C15">
    <editdetail attribution="Reuters BIP Coding Group" action="confirmed" date="1996-09-20"/>
  </code>
  <code code="C152">
    <editdetail attribution="Reuters BIP Coding Group" action="confirmed" date="1996-09-20"/>
  </code>
  <code code="CCAT">
    <editdetail attribution="Reuters BIP Coding Group" action="confirmed" date="1996-09-20"/>
  </code>
</codes>
<dc element="dc.publisher" value="Reuters Holdings Plc"/>
<dc element="dc.date.published" value="1996-09-20"/>
<dc element="dc.source" value="Reuters"/>
<dc element="dc.creator.location.country.name" value="USA"/>
<dc element="dc.source" value="Reuters"/>
</metadata>
</newsitem>
