<?xml version="1.0" encoding="iso-8859-1" ?>
<newsitem itemid="78091" id="root" date="1996-09-26" xml:lang="en">
<title>SOUTH AFRICA: Three killed in new clashes at S.Africa gold mine.</title>
<headline>Three killed in new clashes at S.Africa gold mine.</headline>
<dateline>JOHANNESBURG 1996-09-26</dateline>
<text>
<p>Three South African miners were killed overnight in renewed ethnic clashes at Buffelsfontein gold mine southwest of Johannesburg, taking the death toll since the weekend to 24, police said on Thursday.</p>
<p>They said another three people had been injured in the fighting between Xhosa and Sotho workers at a mine hostel, one of them critically.</p>
<p>Buffelsfontein Gold Mining Company Ltd, near Klerksdorp 160 km (100 miles) southwest of Johannesburg, is owned by Randgold &amp; Exploration Co Ltd.</p>
<p>The company said on Wednesday that output had not been affected by the violence.</p>
<p>-- Johannesburg newsroom 2711 482-1003</p>
</text>
<copyright>(c) Reuters Limited 1996</copyright>
<metadata>
<codes class="bip:countries:1.0">
  <code code="SAFR">
    <editdetail attribution="Reuters BIP Coding Group" action="confirmed" date="1996-09-26"/>
  </code>
</codes>
<codes class="bip:industries:1.0">
  <code code="I21000">
    <editdetail attribution="Reuters BIP Coding Group" action="confirmed" date="1996-09-26"/>
  </code>
</codes>
<codes class="bip:topics:1.0">
  <code code="CCAT">
    <editdetail attribution="Reuters BIP Coding Group" action="confirmed" date="1996-09-26"/>
  </code>
  <code code="GCAT">
    <editdetail attribution="Reuters BIP Coding Group" action="confirmed" date="1996-09-26"/>
  </code>
  <code code="GVIO">
    <editdetail attribution="Reuters BIP Coding Group" action="confirmed" date="1996-09-26"/>
  </code>
</codes>
<dc element="dc.date.created" value="1996-09-26"/>
<dc element="dc.publisher" value="Reuters Holdings Plc"/>
<dc element="dc.date.published" value="1996-09-26"/>
<dc element="dc.source" value="Reuters"/>
<dc element="dc.creator.location" value="JOHANNESBURG"/>
<dc element="dc.creator.location.country.name" value="SOUTH AFRICA"/>
<dc element="dc.source" value="Reuters"/>
</metadata>
</newsitem>
