<?xml version="1.0" encoding="iso-8859-1" ?>
<newsitem itemid="86836" id="root" date="1996-09-30" xml:lang="en">
<title>CHINA: China to establish 60 mln tonne coal mine.</title>
<headline>China to establish 60 mln tonne coal mine.</headline>
<dateline>BEIJING 1996-09-30</dateline>
<text>
<p>China is to spend 88.9 billion yuan ($10.7 billion) on developing its biggest coal mine to raise its annual production to 60 million tonnes, the Xinhua news agency said.</p>
<p>The Shenfu-Dongsheng coal mine, with annual coal production of 10 million tonnes, will raise that figure to 25 million tonnes by 2000 and to 60 million tonnes by 2010, the agency said in an overnight report.</p>
<p>A major aim of the investment is to boost infrastructure, particularly a railway, from the mine on the borders of northern Shaanxi province and the Inner Mongolia region, it said. It has proven reserves of 223.6 billion tonnes, or one-third of China's total.</p>
<p>More than 11 billion yuan has been invested in the project since 1986, with eight pits already dug, including one that produces three million tonnes of coal a year.</p>
</text>
<copyright>(c) Reuters Limited 1996</copyright>
<metadata>
<codes class="bip:countries:1.0">
  <code code="CHINA">
    <editdetail attribution="Reuters BIP Coding Group" action="confirmed" date="1996-09-30"/>
  </code>
</codes>
<codes class="bip:industries:1.0">
  <code code="I11000">
    <editdetail attribution="Reuters BIP Coding Group" action="confirmed" date="1996-09-30"/>
  </code>
</codes>
<codes class="bip:topics:1.0">
  <code code="C13">
    <editdetail attribution="Reuters BIP Coding Group" action="confirmed" date="1996-09-30"/>
  </code>
  <code code="C21">
    <editdetail attribution="Reuters BIP Coding Group" action="confirmed" date="1996-09-30"/>
  </code>
  <code code="C24">
    <editdetail attribution="Reuters BIP Coding Group" action="confirmed" date="1996-09-30"/>
  </code>
  <code code="CCAT">
    <editdetail attribution="Reuters BIP Coding Group" action="confirmed" date="1996-09-30"/>
  </code>
</codes>
<dc element="dc.date.created" value="1996-09-30"/>
<dc element="dc.publisher" value="Reuters Holdings Plc"/>
<dc element="dc.date.published" value="1996-09-30"/>
<dc element="dc.source" value="Reuters"/>
<dc element="dc.creator.location" value="BEIJING"/>
<dc element="dc.creator.location.country.name" value="CHINA"/>
<dc element="dc.source" value="Reuters"/>
</metadata>
</newsitem>
